{
  "train": {
    "dataset": "train",
    "n": 1131,
    "auc": 0.9005252664672956,
    "brier": 0.14649313661621516,
    "log_loss": 0.46385761661206454,
    "cal_intercept": -0.3346912743095871,
    "cal_slope": 2.231557469162478
  },
  "test": {
    "dataset": "test",
    "n": 221,
    "auc": 0.7781891262957478,
    "brier": 0.18159337728226874,
    "log_loss": 0.5414886496014834,
    "cal_intercept": -0.8661177860153406,
    "cal_slope": 1.2135561970808506
  },
  "roc_auc_test": 0.7781891262957478,
  "brier_test": 0.18159337728226874,
  "log_loss_test": 0.5414886496014834,
  "calibration_intercept_test": -0.8661177860153406,
  "calibration_slope_test": 1.2135561970808506
}