{
  "train": {
    "dataset": "train",
    "n": 1131,
    "auc": 0.9025860746875239,
    "brier": 0.14545462636120574,
    "log_loss": 0.4614703143666424,
    "cal_intercept": -0.3388052918389488,
    "cal_slope": 2.2513505365733373
  },
  "test": {
    "dataset": "test",
    "n": 221,
    "auc": 0.7892955362809393,
    "brier": 0.17884850709956338,
    "log_loss": 0.5353022354871414,
    "cal_intercept": -0.8948311677138655,
    "cal_slope": 1.287012616941732
  },
  "roc_auc_test": 0.7892955362809393,
  "brier_test": 0.17884850709956338,
  "log_loss_test": 0.5353022354871414,
  "calibration_intercept_test": -0.8948311677138655,
  "calibration_slope_test": 1.287012616941732
}