{
  "train": {
    "dataset": "train",
    "n": 1131,
    "auc": 0.876527234619022,
    "brier": 0.14961241742282813,
    "log_loss": 0.46794521289410057,
    "cal_intercept": 0.1088440663637966,
    "cal_slope": 1.782406587827158
  },
  "test": {
    "dataset": "test",
    "n": 221,
    "auc": 0.7922572456103237,
    "brier": 0.16695040932797267,
    "log_loss": 0.5035111533206741,
    "cal_intercept": -0.6767967235997384,
    "cal_slope": 1.1675824137895603
  },
  "roc_auc_test": 0.7922572456103237,
  "brier_test": 0.16695040932797267,
  "log_loss_test": 0.5035111533206741,
  "calibration_intercept_test": -0.6767967235997384,
  "calibration_slope_test": 1.1675824137895603,
  "train_calibrated": {
    "dataset": "train_calibrated",
    "n": 1131,
    "auc": 0.876527234619022,
    "brier": 0.15072038926040487,
    "log_loss": 0.4710585573833802,
    "cal_intercept": 0.1814750939313858,
    "cal_slope": 1.8391302169204946
  },
  "test_calibrated": {
    "dataset": "test_calibrated",
    "n": 221,
    "auc": 0.7922572456103237,
    "brier": 0.1654163645891376,
    "log_loss": 0.5006553021466883,
    "cal_intercept": -0.6294555741071557,
    "cal_slope": 1.202673872787994
  },
  "roc_auc_test_calibrated": 0.7922572456103237,
  "brier_test_calibrated": 0.1654163645891376,
  "log_loss_test_calibrated": 0.5006553021466883
}