{
  "use_age_x_nihss": true,
  "use_onset_to_puncture_min_x_nihss": false,
  "use_age_x_onset_to_puncture_min": false,
  "n_estimators": 263,
  "learning_rate": 0.030951048693661557,
  "num_leaves": 24,
  "min_child_samples": 53,
  "subsample": 0.9399430554852175,
  "colsample_bytree": 0.5059222633997253,
  "reg_alpha": 4.367057563936692,
  "reg_lambda": 6.1791698269356825,
  "class_weight": null
}