threshold,TP,FP,TN,FN,sensitivity,specificity,PPV,NPV,accuracy,proportion_high_risk,observed_event_rate_high_risk,n
0.3,51,83,80,7,0.8793103448275862,0.49079754601226994,0.3805970149253731,0.9195402298850575,0.5927601809954751,0.6063348416289592,0.3805970149253731,221
0.5,38,31,132,20,0.6551724137931034,0.8098159509202454,0.5507246376811594,0.868421052631579,0.7692307692307693,0.31221719457013575,0.5507246376811594,221
0.7,17,5,158,41,0.29310344827586204,0.9693251533742331,0.7727272727272727,0.7939698492462312,0.7918552036199095,0.09954751131221719,0.7727272727272727,221
