threshold,TP,FP,TN,FN,sensitivity,specificity,PPV,NPV,accuracy,proportion_high_risk,observed_event_rate_high_risk,n
0.3,50,77,86,8,0.8620689655172413,0.5276073619631901,0.3937007874015748,0.9148936170212766,0.6153846153846154,0.5746606334841629,0.3937007874015748,221
0.5,37,31,132,21,0.6379310344827587,0.8098159509202454,0.5441176470588235,0.8627450980392157,0.7647058823529411,0.3076923076923077,0.5441176470588235,221
0.7,14,3,160,44,0.2413793103448276,0.9815950920245399,0.8235294117647058,0.7843137254901961,0.7873303167420814,0.07692307692307693,0.8235294117647058,221
