subset,n_patients,mrs90_available_n,mrs90_available_pct,mrs90_missing_n,mrs90_missing_pct
overall,1476,1352,0.9159891598915989,124,0.08401084010840108
train,1191,1131,0.9496221662468514,60,0.05037783375314862
test,285,221,0.775438596491228,64,0.22456140350877193
