{
  "roc_auc": 0.7781891262957478,
  "average_precision": 0.5917089339918066,
  "accuracy": 0.751131221719457,
  "f1": 0.5985401459854015,
  "log_loss": 0.5414886496014834
}