{
  "roc_auc": 0.7922572456103237,
  "average_precision": 0.6226097207790874,
  "accuracy": 0.746606334841629,
  "f1": 0.5692307692307692,
  "log_loss": 0.5035111533206741
}