{
  "roc_auc": 0.9025860746875239,
  "average_precision": 0.8734067880109226,
  "accuracy": 0.8267020335985853,
  "f1": 0.8047808764940239,
  "log_loss": 0.4614703143666424
}