{
  "roc_auc": 0.9005252664672956,
  "average_precision": 0.8719471853823669,
  "accuracy": 0.8249336870026526,
  "f1": 0.8027888446215139,
  "log_loss": 0.46385761661206454
}