{
  "roc_auc": 0.876527234619022,
  "average_precision": 0.8474863874122307,
  "accuracy": 0.7992926613616269,
  "f1": 0.7561761546723953,
  "log_loss": 0.46794521289410057
}