{
  "roc_auc": 0.8488005776653119,
  "average_precision": 0.8034244541171642,
  "accuracy": 0.7603890362511052,
  "f1": 0.7330049261083744,
  "log_loss": 0.5035210563650032
}