{
  "roc_auc": 0.7892955362809393,
  "average_precision": 0.6043350011043984,
  "accuracy": 0.7375565610859729,
  "f1": 0.5857142857142857,
  "log_loss": 0.5353022354871414
}