{
  "roc_auc": 0.8017770255976306,
  "average_precision": 0.6316851263043974,
  "accuracy": 0.7285067873303167,
  "f1": 0.5774647887323944,
  "log_loss": 0.535489658697098
}