discrimination_old,discrimination_new,IDI,NRI_events,NRI_nonevents,NRI_total
0.2237688731357918,0.3442648584430734,0.12049598530728162,0.8275862068965518,-0.07975460122699385,0.747831605669558
