{
  "n_splits": 10,
  "n_repeats": 20,
  "summary": {
    "auc": {
      "mean": 0.7460214302066981,
      "std": 0.04081296131435582
    },
    "brier": {
      "mean": 0.20468280626953866,
      "std": 0.015364874966944601
    },
    "log_loss": {
      "mean": 0.5966445583584723,
      "std": 0.03609148917779093
    }
  },
  "per_fold": {
    "auc": [
      0.6926216640502354,
      0.7798076923076923,
      0.7294871794871794,
      0.7362179487179487,
      0.7580128205128205,
      0.7368589743589744,
      0.7323717948717948,
      0.7942307692307693,
      0.7802933673469388,
      0.7940051020408163,
      0.7588697017268445,
      0.719551282051282,
      0.7897435897435897,
      0.7676282051282052,
      0.7625,
      0.6932692307692307,
      0.7394230769230768,
      0.7032051282051283,
      0.7417091836734693,
      0.7786989795918366,
      0.7949764521193093,
      0.7003205128205128,
      0.801602564102564,
      0.6948717948717948,
      0.8214743589743589,
      0.7448717948717949,
      0.6913461538461539,
      0.7621794871794872,
      0.7850765306122449,
      0.7008928571428571,
      0.7585557299843014,
      0.7192307692307691,
      0.7833333333333333,
      0.8118589743589744,
      0.6961538461538462,
      0.6858974358974359,
      0.7272435897435897,
      0.7509615384615385,
      0.7407525510204082,
      0.8064413265306122,
      0.7334379905808477,
      0.7461538461538462,
      0.6842948717948718,
      0.7455128205128205,
      0.7871794871794872,
      0.767948717948718,
      0.8006410256410257,
      0.7211538461538461,
      0.7008928571428571,
      0.7602040816326531,
      0.7265306122448979,
      0.7089743589743589,
      0.625,
      0.8121794871794872,
      0.7451923076923077,
      0.7801282051282051,
      0.7237179487179488,
      0.7846153846153846,
      0.742984693877551,
      0.7244897959183674,
      0.7494505494505495,
      0.7054487179487179,
      0.780448717948718,
      0.7233974358974359,
      0.7403846153846154,
      0.7128205128205127,
      0.805448717948718,
      0.7842948717948718,
      0.7694515306122449,
      0.8026147959183674,
      0.7880690737833596,
      0.7951923076923076,
      0.6727564102564103,
      0.6708333333333333,
      0.805448717948718,
      0.7112179487179487,
      0.7586538461538462,
      0.7368589743589743,
      0.7270408163265305,
      0.7362882653061225,
      0.8072213500784929,
      0.7589743589743589,
      0.732051282051282,
      0.7455128205128205,
      0.7772435897435896,
      0.7362179487179487,
      0.6875,
      0.6996794871794871,
      0.7544642857142857,
      0.7082270408163265,
      0.7409733124018839,
      0.7458333333333333,
      0.7471153846153846,
      0.7105769230769231,
      0.7701923076923076,
      0.7205128205128205,
      0.8163461538461538,
      0.6756410256410257,
      0.764030612244898,
      0.7535076530612245,
      0.8518053375196232,
      0.7929487179487179,
      0.6798076923076923,
      0.7794871794871795,
      0.728525641025641,
      0.6471153846153845,
      0.7823717948717949,
      0.7157051282051282,
      0.6871811224489796,
      0.7330994897959184,
      0.7237048665620094,
      0.7224358974358974,
      0.8,
      0.7567307692307692,
      0.783974358974359,
      0.6987179487179487,
      0.7384615384615385,
      0.7192307692307692,
      0.7544642857142857,
      0.7468112244897959,
      0.7152276295133437,
      0.7397435897435898,
      0.7830128205128205,
      0.6727564102564102,
      0.7169871794871795,
      0.7849358974358975,
      0.7612179487179487,
      0.723397435897436,
      0.7946428571428571,
      0.7382015306122449,
      0.7745682888540032,
      0.6951923076923077,
      0.7314102564102565,
      0.7631410256410257,
      0.7275641025641025,
      0.735897435897436,
      0.8692307692307693,
      0.7301282051282051,
      0.7005739795918366,
      0.7630739795918368,
      0.7196232339089481,
      0.7980769230769231,
      0.7205128205128205,
      0.7375,
      0.7711538461538461,
      0.7564102564102564,
      0.6862179487179487,
      0.7227564102564102,
      0.782844387755102,
      0.7971938775510203,
      0.7023547880690738,
      0.728525641025641,
      0.7608974358974359,
      0.7471153846153846,
      0.8368589743589744,
      0.6939102564102564,
      0.7548076923076924,
      0.7397435897435898,
      0.7818877551020408,
      0.7098214285714286,
      0.7962323390894819,
      0.8387820512820513,
      0.7282051282051282,
      0.717948717948718,
      0.7259615384615383,
      0.7089743589743589,
      0.7291666666666666,
      0.7051282051282052,
      0.8112244897959184,
      0.6951530612244898,
      0.7133437990580848,
      0.7182692307692308,
      0.7230769230769231,
      0.7897435897435897,
      0.7423076923076922,
      0.7647435897435897,
      0.7660256410256411,
      0.7435897435897436,
      0.7637117346938777,
      0.7560586734693877,
      0.7513343799058084,
      0.7400641025641026,
      0.628525641025641,
      0.8080128205128204,
      0.7118589743589744,
      0.7650641025641025,
      0.8080128205128205,
      0.7849358974358974,
      0.6964285714285714,
      0.7911352040816326,
      0.7513343799058084,
      0.7599358974358974,
      0.6858974358974359,
      0.773076923076923,
      0.735897435897436,
      0.7326923076923076,
      0.808974358974359,
      0.6964743589743589,
      0.7458545918367347,
      0.7637117346938775
    ],