{
  "n_splits": 5,
  "n_repeats": 1,
  "summary": {
    "auc": {
      "mean": 0.7558488902310827,
      "std": 0.020674377774169195
    },
    "brier": {
      "mean": 0.19835408568883373,
      "std": 0.008196617742053403
    },
    "log_loss": {
      "mean": 0.5827441062687961,
      "std": 0.02025401173274332
    }
  },
  "optuna": {
    "n_trials": 50,
    "best_value": 0.6070833259644575,
    "best_trial_number": 16,
    "best_params": {
      "use_age_x_nihss": true,
      "use_onset_to_puncture_min_x_nihss": false,
      "use_age_x_onset_to_puncture_min": false,
      "n_estimators": 263,
      "learning_rate": 0.030951048693661557,
      "num_leaves": 24,
      "min_child_samples": 53,
      "subsample": 0.9399430554852175,
      "colsample_bytree": 0.5059222633997253,
      "reg_alpha": 4.367057563936692,
      "reg_lambda": 6.1791698269356825,
      "class_weight": null
    },
    "top_trials": [
      {
        "number": 16,
        "objective_value": 0.6070833259644575,
        "params": {
          "use_age_x_nihss": true,
          "use_onset_to_puncture_min_x_nihss": false,
          "use_age_x_onset_to_puncture_min": false,
          "n_estimators": 263,
          "learning_rate": 0.030951048693661557,
          "num_leaves": 24,
          "min_child_samples": 53,
          "subsample": 0.9399430554852175,
          "colsample_bytree": 0.5059222633997253,
          "reg_alpha": 4.367057563936692,
          "reg_lambda": 6.1791698269356825,
          "class_weight": null
        }
      },
      {
        "number": 25,
        "objective_value": 0.6040269241231802,
        "params": {
          "use_age_x_nihss": true,
          "use_onset_to_puncture_min_x_nihss": false,
          "use_age_x_onset_to_puncture_min": false,
          "n_estimators": 357,
          "learning_rate": 0.02361823191688312,
          "num_leaves": 20,
          "min_child_samples": 142,
          "subsample": 0.850055837216087,
          "colsample_bytree": 0.4336426190672462,
          "reg_alpha": 3.132254161611621,
          "reg_lambda": 7.429144642287449,
          "class_weight": null
        }
      },
      {
        "number": 23,
        "objective_value": 0.602179223080368,
        "params": {
          "use_age_x_nihss": true,
          "use_onset_to_puncture_min_x_nihss": false,
          "use_age_x_onset_to_puncture_min": false,
          "n_estimators": 310,
          "learning_rate": 0.030683716503609734,
          "num_leaves": 21,
          "min_child_samples": 143,
          "subsample": 0.9133978026248338,
          "colsample_bytree": 0.5400135316445324,
          "reg_alpha": 3.176773413552832,
          "reg_lambda": 8.317680559927537,
          "class_weight": null
        }
      },
      {
        "number": 42,
        "objective_value": 0.6017885468594724,
        "params": {
          "use_age_x_nihss": true,
          "use_onset_to_puncture_min_x_nihss": false,
          "use_age_x_onset_to_puncture_min": false,
          "n_estimators": 250,
          "learning_rate": 0.03006743283155327,
          "num_leaves": 23,
          "min_child_samples": 136,
          "subsample": 0.703959850414281,
          "colsample_bytree": 0.4736505206950655,
          "reg_alpha": 5.611706592308572,
          "reg_lambda": 7.253002944139826,
          "class_weight": null
        }
      },
      {
        "number": 32,
        "objective_value": 0.6015965029512355,
        "params": {
          "use_age_x_nihss": true,
          "use_onset_to_puncture_min_x_nihss": false,
          "use_age_x_onset_to_puncture_min": false,
          "n_estimators": 322,
          "learning_rate": 0.03133674685290701,
          "num_leaves": 25,
          "min_child_samples": 129,
          "subsample": 0.9327950346119563,
          "colsample_bytree": 0.5043198833218019,
          "reg_alpha": 6.091183162240489,
          "reg_lambda": 7.299242425754498,
          "class_weight": null
        }
      }
    ]
  }
}