{
  "n_splits": 5,
  "n_repeats": 1,
  "summary": {
    "auc": {
      "mean": 0.7568871373771279,
      "std": 0.02063417927752492
    },
    "brier": {
      "mean": 0.2008646427491693,
      "std": 0.008276057501524579
    },
    "log_loss": {
      "mean": 0.588101998784967,
      "std": 0.020282387328442373
    }
  },
  "optuna": {
    "n_trials": 50,
    "best_value": 0.6062386553152509,
    "best_trial_number": 28,
    "best_params": {
      "use_age_x_nihss": true,
      "use_onset_to_puncture_min_x_nihss": false,
      "use_age_x_onset_to_puncture_min": true,
      "n_estimators": 367,
      "learning_rate": 0.025609572120903715,
      "num_leaves": 23,
      "min_child_samples": 138,
      "subsample": 0.9574353136316142,
      "colsample_bytree": 0.40359219878899305,
      "reg_alpha": 3.4972463464874863,
      "reg_lambda": 2.3003749097164383,
      "class_weight": "balanced"
    },
    "top_trials": [
      {
        "number": 28,
        "objective_value": 0.6062386553152509,
        "params": {
          "use_age_x_nihss": true,
          "use_onset_to_puncture_min_x_nihss": false,
          "use_age_x_onset_to_puncture_min": true,
          "n_estimators": 367,
          "learning_rate": 0.025609572120903715,
          "num_leaves": 23,
          "min_child_samples": 138,
          "subsample": 0.9574353136316142,
          "colsample_bytree": 0.40359219878899305,
          "reg_alpha": 3.4972463464874863,
          "reg_lambda": 2.3003749097164383,
          "class_weight": "balanced"
        }
      },
      {
        "number": 18,
        "objective_value": 0.6052233952581432,
        "params": {
          "use_age_x_nihss": true,
          "use_onset_to_puncture_min_x_nihss": false,
          "use_age_x_onset_to_puncture_min": true,
          "n_estimators": 271,
          "learning_rate": 0.02697037264825379,
          "num_leaves": 23,
          "min_child_samples": 142,
          "subsample": 0.9325821473611464,
          "colsample_bytree": 0.5209940635871438,
          "reg_alpha": 1.1557547678524038,
          "reg_lambda": 3.2444768152263515,
          "class_weight": "balanced"
        }
      },
      {
        "number": 41,
        "objective_value": 0.6049367552677472,
        "params": {
          "use_age_x_nihss": true,
          "use_onset_to_puncture_min_x_nihss": false,
          "use_age_x_onset_to_puncture_min": true,
          "n_estimators": 372,
          "learning_rate": 0.025284619723975568,
          "num_leaves": 26,
          "min_child_samples": 131,
          "subsample": 0.9058784107567153,
          "colsample_bytree": 0.4046195447856815,
          "reg_alpha": 6.857820799576297,
          "reg_lambda": 2.367669311350321,
          "class_weight": "balanced"
        }
      },
      {
        "number": 42,
        "objective_value": 0.6041234034884936,
        "params": {
          "use_age_x_nihss": true,
          "use_onset_to_puncture_min_x_nihss": false,
          "use_age_x_onset_to_puncture_min": true,
          "n_estimators": 399,
          "learning_rate": 0.032503099958398125,
          "num_leaves": 26,
          "min_child_samples": 128,
          "subsample": 0.954135486058632,
          "colsample_bytree": 0.4357154468702103,
          "reg_alpha": 9.21569399869308,
          "reg_lambda": 2.684372640862558,
          "class_weight": "balanced"
        }
      },
      {
        "number": 19,
        "objective_value": 0.6037647222947564,
        "params": {
          "use_age_x_nihss": true,
          "use_onset_to_puncture_min_x_nihss": false,
          "use_age_x_onset_to_puncture_min": true,
          "n_estimators": 363,
          "learning_rate": 0.03078075307114083,
          "num_leaves": 23,
          "min_child_samples": 149,
          "subsample": 0.9596367815188438,
          "colsample_bytree": 0.5184438822080268,
          "reg_alpha": 3.4651143549810803,
          "reg_lambda": 3.107450247798785,
          "class_weight": "balanced"
        }
      }
    ]
  }
}