metric,mean,std,n_splits,n_repeats,optuna_n_trials,optuna_best_value,optuna_best_trial_number
auc,0.7558488902310827,0.020674377774169195,5,1,50,0.6070833259644575,16
brier,0.19835408568883373,0.008196617742053403,5,1,50,0.6070833259644575,16
log_loss,0.5827441062687961,0.02025401173274332,5,1,50,0.6070833259644575,16
